-- Adminer 4.3.1 MySQL dump

SET NAMES utf8;
SET time_zone = '+00:00';
SET foreign_key_checks = 0;
SET sql_mode = 'NO_AUTO_VALUE_ON_ZERO';

SET NAMES utf8mb4;

DROP TABLE IF EXISTS `duels`;
CREATE TABLE `duels` (
  `id` smallint(6) unsigned NOT NULL AUTO_INCREMENT,
  `attaquant` smallint(6) unsigned DEFAULT NULL,
  `defenseur` smallint(6) unsigned DEFAULT NULL,
  `zone_id` smallint(6) unsigned DEFAULT NULL,
  `keypoint_id` smallint(6) unsigned DEFAULT NULL,
  `status` varchar(20) NOT NULL DEFAULT 'NEW',
  `defi_par` smallint(6) unsigned DEFAULT NULL,
  `defi` text,
  `defi_type` varchar(60) DEFAULT NULL,
  `litige` tinyint(1) unsigned NOT NULL DEFAULT '0',
  `gagnant` smallint(6) unsigned DEFAULT NULL,
  `creation_date` timestamp NOT NULL DEFAULT CURRENT_TIMESTAMP,
  `defi_date` timestamp NULL DEFAULT NULL,
  `fin_date` timestamp NULL DEFAULT NULL,
  PRIMARY KEY (`id`),
  KEY `zone_id` (`zone_id`),
  KEY `keypoint_id` (`keypoint_id`),
  KEY `status` (`status`),
  KEY `creation_date` (`creation_date`),
  KEY `attaquant` (`attaquant`),
  KEY `defenseur` (`defenseur`),
  KEY `gagnant` (`gagnant`),
  KEY `defi_par` (`defi_par`),
  CONSTRAINT `duels_ibfk_3` FOREIGN KEY (`zone_id`) REFERENCES `zones` (`id`),
  CONSTRAINT `duels_ibfk_4` FOREIGN KEY (`keypoint_id`) REFERENCES `keypoints` (`id`),
  CONSTRAINT `duels_ibfk_5` FOREIGN KEY (`attaquant`) REFERENCES `joueurs` (`id`) ON DELETE SET NULL,
  CONSTRAINT `duels_ibfk_6` FOREIGN KEY (`defenseur`) REFERENCES `joueurs` (`id`) ON DELETE SET NULL,
  CONSTRAINT `duels_ibfk_8` FOREIGN KEY (`gagnant`) REFERENCES `joueurs` (`id`) ON DELETE SET NULL,
  CONSTRAINT `duels_ibfk_9` FOREIGN KEY (`defi_par`) REFERENCES `joueurs` (`id`) ON DELETE SET NULL
) ENGINE=InnoDB DEFAULT CHARSET=utf8mb4;


DROP TABLE IF EXISTS `frontieres`;
CREATE TABLE `frontieres` (
  `id1` smallint(6) unsigned NOT NULL,
  `id2` smallint(6) unsigned NOT NULL,
  PRIMARY KEY (`id1`,`id2`),
  KEY `id2` (`id2`),
  KEY `id1` (`id1`),
  CONSTRAINT `frontieres_ibfk_1` FOREIGN KEY (`id1`) REFERENCES `zones` (`id`),
  CONSTRAINT `frontieres_ibfk_2` FOREIGN KEY (`id2`) REFERENCES `zones` (`id`)
) ENGINE=InnoDB DEFAULT CHARSET=utf8mb4;

INSERT INTO `frontieres` (`id1`, `id2`) VALUES
(1,	2),
(1,	6),
(1,	15),
(1,	26),
(1,	30),
(1,	31),
(1,	32),
(2,	1),
(2,	3),
(2,	4),
(2,	5),
(2,	6),
(2,	30),
(3,	2),
(3,	4),
(3,	6),
(3,	9),
(3,	10),
(4,	2),
(4,	3),
(4,	5),
(4,	11),
(5,	2),
(5,	4),
(5,	11),
(5,	12),
(5,	13),
(5,	15),
(5,	30),
(6,	1),
(6,	2),
(6,	3),
(6,	7),
(6,	26),
(7,	6),
(7,	8),
(7,	9),
(7,	26),
(8,	7),
(8,	9),
(8,	20),
(8,	26),
(9,	3),
(9,	7),
(9,	8),
(9,	10),
(9,	18),
(9,	19),
(9,	20),
(9,	21),
(10,	3),
(10,	9),
(10,	11),
(10,	18),
(11,	4),
(11,	5),
(11,	10),
(11,	12),
(11,	17),
(11,	22),
(12,	5),
(12,	11),
(12,	13),
(12,	22),
(12,	23),
(12,	24),
(13,	5),
(13,	12),
(13,	14),
(13,	15),
(13,	24),
(14,	13),
(14,	15),
(14,	16),
(14,	24),
(14,	29),
(15,	1),
(15,	5),
(15,	13),
(15,	14),
(15,	16),
(15,	30),
(15,	31),
(16,	14),
(16,	15),
(16,	26),
(16,	27),
(16,	29),
(16,	31),
(16,	32),
(16,	34),
(17,	11),
(17,	18),
(17,	22),
(17,	33),
(18,	9),
(18,	10),
(18,	17),
(18,	19),
(18,	33),
(18,	36),
(19,	9),
(19,	18),
(19,	21),
(19,	36),
(20,	8),
(20,	9),
(20,	21),
(20,	26),
(20,	35),
(21,	9),
(21,	19),
(21,	20),
(21,	35),
(21,	36),
(22,	11),
(22,	12),
(22,	17),
(22,	23),
(22,	33),
(23,	12),
(23,	22),
(23,	24),
(23,	25),
(23,	33),
(24,	12),
(24,	13),
(24,	14),
(24,	23),
(24,	25),
(24,	29),
(24,	33),
(25,	23),
(25,	24),
(25,	33),
(26,	1),
(26,	6),
(26,	7),
(26,	8),
(26,	16),
(26,	20),
(26,	27),
(26,	28),
(26,	32),
(26,	35),
(27,	16),
(27,	26),
(27,	28),
(27,	34),
(28,	26),
(28,	27),
(28,	34),
(28,	35),
(29,	14),
(29,	16),
(29,	24),
(29,	33),
(29,	34),
(30,	1),
(30,	2),
(30,	5),
(30,	15),
(31,	1),
(31,	15),
(31,	16),
(31,	32),
(32,	1),
(32,	16),
(32,	26),
(32,	31),
(33,	17),
(33,	18),
(33,	22),
(33,	23),
(33,	24),
(33,	25),
(33,	29),
(33,	34),
(33,	36),
(34,	16),
(34,	27),
(34,	28),
(34,	29),
(34,	33),
(34,	35),
(35,	20),
(35,	21),
(35,	26),
(35,	28),
(35,	34),
(35,	36),
(36,	18),
(36,	19),
(36,	21),
(36,	33),
(36,	35);

DROP TABLE IF EXISTS `joueurs`;
CREATE TABLE `joueurs` (
  `id` smallint(6) unsigned NOT NULL AUTO_INCREMENT,
  `nom` varchar(20) NOT NULL,
  `password` varchar(255) NOT NULL,
  `couleur` varchar(7) NOT NULL,
  `nom_couleur` varchar(60) NOT NULL,
  `last_login` timestamp NULL DEFAULT NULL,
  `last_revendication` timestamp NULL DEFAULT NULL,
  PRIMARY KEY (`id`),
  UNIQUE KEY `nom` (`nom`),
  UNIQUE KEY `couleur` (`couleur`),
  UNIQUE KEY `nom_couleur` (`nom_couleur`)
) ENGINE=InnoDB DEFAULT CHARSET=utf8mb4;

INSERT INTO `joueurs` (`id`, `nom`, `password`, `couleur`, `nom_couleur`, `last_login`, `last_revendication`) VALUES
(0,	'admin',	'cf83e1357eefb8bdf1542850d66d8007d620e4050b5715dc83f4a921d36ce9ce47d0d13c5d85f2b0ff8318d2877eec2f63b931bd47417a81a538327af927da3e',	'#000000',	'black',	NULL,	NULL);

DROP TABLE IF EXISTS `keypoints`;
CREATE TABLE `keypoints` (
  `id` smallint(6) unsigned NOT NULL AUTO_INCREMENT,
  `nom` varchar(120) NOT NULL,
  `points` int(11) NOT NULL DEFAULT '1',
  `lat` varchar(120) NOT NULL,
  `lgn` varchar(120) NOT NULL,
  `zone_id` int(11) NOT NULL,
  `proprietaire` smallint(6) unsigned DEFAULT '0',
  `duel_id` smallint(6) unsigned DEFAULT NULL,
  PRIMARY KEY (`id`),
  KEY `zone_id` (`zone_id`),
  KEY `proprietaire` (`proprietaire`),
  KEY `duel_id` (`duel_id`),
  CONSTRAINT `keypoints_ibfk_1` FOREIGN KEY (`proprietaire`) REFERENCES `joueurs` (`id`) ON DELETE SET NULL,
  CONSTRAINT `keypoints_ibfk_3` FOREIGN KEY (`duel_id`) REFERENCES `duels` (`id`) ON DELETE SET NULL
) ENGINE=InnoDB DEFAULT CHARSET=utf8mb4;

INSERT INTO `keypoints` (`id`, `nom`, `points`, `lat`, `lgn`, `zone_id`, `proprietaire`, `duel_id`) VALUES
(1,	'AVE / Partiel',	5,	'44.933301',	'4.90411300000005',	2,	0,	NULL),
(2,	'Les Voiliers',	5,	'44.818743',	'4.82096769999998',	33,	0,	NULL),
(3,	'Halle des Sports',	5,	'44.9348661',	'4.89887239999996',	6,	0,	NULL),
(4,	'Seven',	3,	'44.9393123',	'4.859962',	27,	0,	NULL),
(5,	'Chez Nounours',	3,	'44.9309176',	'4.89306439999996',	1,	0,	NULL),
(6,	'Sunshine',	3,	'44.9331369',	'4.89643820000003',	6,	0,	NULL),
(7,	'Le 36',	3,	'44.930108',	'4.89389600000004',	30,	0,	NULL),
(8,	'Chez Rod',	3,	'44.9345508',	'4.8944896',	1,	0,	NULL),
(9,	'Cham\'s',	3,	'44.9309012',	'4.89515499999993',	2,	0,	NULL),
(10,	'Oasis',	3,	'44.9330602',	'4.89643409999996',	6,	0,	NULL),
(11,	'Chez Mout et Vista',	3,	'44.9318659',	'4.904269',	2,	0,	NULL),
(12,	'Le Blue Note',	3,	'44.910781',	'4.97914300000002',	18,	0,	NULL),
(13,	'IUT',	2,	'44.9156341',	'4.91541899999993',	11,	0,	NULL),
(14,	'Camille Vernet',	2,	'44.921953',	'4.90358089999995',	5,	0,	NULL),
(15,	'ESISAR',	2,	'44.9172492',	'4.9137412',	11,	0,	NULL),
(16,	'UJF',	2,	'44.91763',	'4.91519700000003',	11,	0,	NULL),
(17,	'Lycée Briffaut',	2,	'44.917434',	'4.91775630000006',	11,	0,	NULL),
(18,	'Montplaisir',	2,	'44.9191491',	'4.91659140000002',	11,	0,	NULL),
(19,	'EGC',	2,	'44.9166761',	'4.91394620000005',	11,	0,	NULL),
(20,	'STAPS',	2,	'44.9254012',	'4.92846520000001',	10,	0,	NULL),
(21,	'IFC',	2,	'44.921884',	'4.93088899999998',	11,	0,	NULL),
(22,	'Droit-Eco',	2,	'44.933966',	'4.902547',	6,	0,	NULL),
(23,	'ESSSE',	2,	'44.9197106',	'4.88367849999997',	15,	0,	NULL),
(24,	'Stendhal',	2,	'44.9341863',	'4.9033785',	6,	0,	NULL),
(25,	'IFSI',	2,	'44.9122815',	'4.90311810000003',	5,	0,	NULL),
(26,	'Maestris',	2,	'44.9325774',	'4.90294540000002',	2,	0,	NULL),
(27,	'Saint-Louis Crest',	2,	'44.725947',	'5.02229499999999',	33,	0,	NULL),
(28,	'Gare de Valence-TGV',	1,	'44.991998',	'4.9786091',	21,	0,	NULL),
(29,	'Gare de Valence-Ville',	1,	'44.9280291',	'4.8932813',	30,	0,	NULL),
(30,	'La Femme à Barbe',	1,	'44.9325951',	'4.8946023',	1,	0,	NULL);

DROP TABLE IF EXISTS `zones`;
CREATE TABLE `zones` (
  `id` smallint(6) unsigned NOT NULL AUTO_INCREMENT,
  `nom` varchar(120) NOT NULL,
  `points` int(11) NOT NULL DEFAULT '1',
  `geo` polygon NOT NULL,
  `proprietaire` smallint(6) unsigned DEFAULT '0',
  `duel_id` smallint(6) unsigned DEFAULT NULL,
  PRIMARY KEY (`id`),
  KEY `proprietaire` (`proprietaire`),
  KEY `duel_id` (`duel_id`),
  CONSTRAINT `zones_ibfk_1` FOREIGN KEY (`proprietaire`) REFERENCES `joueurs` (`id`) ON DELETE SET NULL,
  CONSTRAINT `zones_ibfk_3` FOREIGN KEY (`duel_id`) REFERENCES `duels` (`id`) ON DELETE SET NULL
) ENGINE=InnoDB DEFAULT CHARSET=utf8mb4;

INSERT INTO `zones` (`id`, `nom`, `points`, `geo`, `proprietaire`, `duel_id`) VALUES
(1,	'Hyper-Centre',	1,	GeomFromText('POLYGON((4.8946667 44.9302784,4.8954821 44.9321166,4.8966193 44.9336812,4.8974133 44.9344711,4.8974133 44.9349572,4.8964477 44.9377825,4.8959809 44.9372166,4.8958844 44.9371977,4.8957181 44.9370838,4.8948598 44.9378508,4.8933685 44.9371901,4.893347 44.9368521,4.8921615 44.9359825,4.8902732 44.9346154,4.8898656 44.9334533,4.8887282 44.9317482,4.8883205 44.9310608,4.8880362 44.9306012,4.8885459 44.9304873,4.8890662 44.9304493,4.8946667 44.9302784))'),	0,	NULL),
(2,	'Alpes-Maubourg',	1,	GeomFromText('POLYGON((4.8957288 44.932428,4.8954821 44.9321166,4.8946667 44.9302784,4.8941088 44.9291087,4.8950422 44.9285542,4.8975098 44.9272933,4.9009001 44.9256221,4.9032605 44.9244979,4.9036789 44.9243915,4.904387 44.9249992,4.90502 44.9256601,4.905535 44.9264197,4.9061251 44.9277187,4.9069297 44.9297847,4.9080884 44.9293897,4.9083459 44.9301417,4.9084103 44.9306506,4.9081957 44.9317748,4.9079382 44.9325571,4.9079061 44.9330052,4.9073696 44.9347065,4.9044406 44.933947,4.8974991 44.9322989,4.8957288 44.932428))'),	0,	NULL),
(3,	'Petit Charran',	1,	GeomFromText('POLYGON((4.9073696 44.9347065,4.9079061 44.9330052,4.9079382 44.9325571,4.9081957 44.9317748,4.9084103 44.9306506,4.9083459 44.9301417,4.9080884 44.9293897,4.9108887 44.928539,4.9146652 44.9274148,4.9174333 44.9264957,4.9180877 44.9301873,4.9185812 44.9332787,4.9186778 44.9343116,4.9186563 44.9347369,4.9182808 44.9365521,4.9180019 44.9373875,4.9176586 44.9380787,4.9170792 44.9387774,4.9164248 44.9393166,4.915427 44.9399393,4.9140644 44.9389065,4.9129593 44.9379875,4.9120474 44.9372736,4.9109423 44.936499,4.9090755 44.9351774,4.9073696 44.9347065))'),	0,	NULL),
(4,	'Grand Charran',	1,	GeomFromText('POLYGON((4.9036789 44.9243915,4.9054492 44.9231685,4.9081743 44.9213073,4.9082923 44.9211325,4.9082494 44.9208211,4.9078417 44.9194688,4.9079061 44.9191877,4.9077022 44.918504,4.9080027 44.9167186,4.9082226 44.9154118,4.9103281 44.9156853,4.911232 44.91605,4.9118435 44.9164147,4.9135494 44.9182153,4.9154377 44.920464,4.9163389 44.9219986,4.916575 44.9226291,4.9169827 44.9239053,4.9174333 44.9264957,4.9134743 44.9277718,4.9069297 44.9297847,4.9061573 44.9277946,4.905535 44.9264197,4.90502 44.9256601,4.9036789 44.9243915))'),	0,	NULL),
(5,	'Chateauvert',	1,	GeomFromText('POLYGON((4.8941088 44.9291087,4.8940122 44.9279237,4.8928428 44.9247638,4.8924672 44.9221353,4.891491 44.9221049,4.8911476 44.9207831,4.8903108 44.9182457,4.8904824 44.9170149,4.8908472 44.9157993,4.8914158 44.9150243,4.8918128 44.9147052,4.8923492 44.9145001,4.8927033 44.9144241,4.8935294 44.9134136,4.8950422 44.9133148,4.8971236 44.9133072,4.8989367 44.9127906,4.90031 44.9121675,4.9007177 44.9120308,4.9015117 44.9119852,4.9021983 44.9116737,4.902842 44.9114153,4.9032497 44.9114001,4.9043012 44.9115065,4.9057817 44.9117117,4.9088717 44.9121979,4.9079275 44.9141278,4.9082226 44.9154118,4.9077022 44.918504,4.9079061 44.9191877,4.9078417 44.9194688,4.9082494 44.9208211,4.9082923 44.9211325,4.9081743 44.9213073,4.9036789 44.9243915,4.9032605 44.9244979,4.8971021 44.9274984,4.8950422 44.9285542,4.8941088 44.9291087))'),	0,	NULL),
(6,	'Polygone',	1,	GeomFromText('POLYGON((4.8964477 44.9377825,4.8974133 44.9349572,4.8974133 44.9344711,4.8966193 44.9336812,4.8957288 44.932428,4.8974991 44.9322989,4.9073696 44.9347065,4.9090755 44.9351774,4.9120474 44.9372736,4.9140644 44.9389065,4.915427 44.9399393,4.9150836 44.9402127,4.9142683 44.9406608,4.913646 44.9408886,4.9123478 44.940638,4.9104273 44.940319,4.9066937 44.9396963,4.906565 44.9400608,4.9066508 44.9401747,4.9064898 44.9402811,4.9063611 44.9402887,4.9052989 44.9402659,4.9035501 44.941724,4.9030995 44.9413822,4.90134 44.9395748,4.9006319 44.9395748,4.9001598 44.939514,4.8988295 44.9392558,4.8979712 44.9390128,4.8964477 44.9377825))'),	0,	NULL),
(7,	'Chamberlière',	1,	GeomFromText('POLYGON((4.9035501 44.941724,4.9052989 44.9402659,4.9064898 44.9402811,4.9066508 44.9401747,4.906565 44.9400608,4.9066937 44.9396963,4.913646 44.9408886,4.9142683 44.9406608,4.915427 44.9399393,4.918592 44.9426428,4.9223471 44.9457563,4.9222183 44.946546,4.9219394 44.9469105,4.9209094 44.9477154,4.9207807 44.9479736,4.9210167 44.9491885,4.9194503 44.9502516,4.9188066 44.9500845,4.9182701 44.9497049,4.9174333 44.9494011,4.9163604 44.9491126,4.9157381 44.9490215,4.9141932 44.9490974,4.912498 44.9487177,4.911468 44.9483685,4.9110389 44.9481558,4.909687 44.9473206,4.908421 44.9462423,4.9066186 44.9445717,4.9035501 44.941724))'),	0,	NULL),
(8,	'Plateau des Couleures',	1,	GeomFromText('POLYGON((4.9194503 44.9502516,4.9210167 44.9491885,4.9207807 44.9479736,4.9209094 44.9477154,4.9219394 44.9469105,4.9222183 44.946546,4.9223471 44.9457563,4.9274755 44.9440249,4.9299002 44.9448603,4.931488 44.9450881,4.9339771 44.9471839,4.9376678 44.9492341,4.9414659 44.9516335,4.9410152 44.9538809,4.9414444 44.9540935,4.9414015 44.9546857,4.9407792 44.9549438,4.940865 44.9552172,4.9413157 44.9574189,4.9378824 44.9570849,4.935329 44.9569938,4.9344921 44.9561282,4.9323893 44.9559157,4.9308872 44.9554449,4.9287629 44.9553386,4.9279475 44.9552931,4.9263382 44.9548527,4.925673 44.9545642,4.9250722 44.9540024,4.9249005 44.9536835,4.9246216 44.9531216,4.9241495 44.9527268,4.9217677 44.9511931,4.9200726 44.9502819,4.9194503 44.9502516))'),	0,	NULL),
(9,	'Le Plan',	1,	GeomFromText('POLYGON((4.915427 44.9399393,4.9164248 44.9393166,4.9170792 44.9387774,4.9176586 44.9380787,4.9180019 44.9373875,4.9182808 44.9365521,4.9235916 44.9376002,4.924922 44.9376913,4.9270034 44.9379495,4.9289989 44.937904,4.9319172 44.9385419,4.9342775 44.9384812,4.937067 44.9382989,4.9394059 44.9382078,4.940393 44.9384204,4.9418736 44.9389217,4.9432039 44.9391951,4.9471951 44.9398786,4.9494696 44.9399697,4.9516153 44.939833,4.9526453 44.9399393,4.9536753 44.9402127,4.9555421 44.9408051,4.9565077 44.9408962,4.9575377 44.9408658,4.9599838 44.9406836,4.9608421 44.9404861,4.9625158 44.9398937,4.9640608 44.9391039,4.9658203 44.9382685,4.9679017 44.9380711,4.9725366 44.9380711,4.9755836 44.9382837,4.9783516 44.9424302,4.976871 44.9430377,4.9750686 44.9432656,4.9730945 44.9436149,4.9709702 44.9440401,4.9713993 44.9453463,4.9767852 44.9471687,4.9732232 44.9481407,4.9744892 44.9505553,4.9766564 44.9498871,4.9778581 44.9518157,4.9767852 44.9532735,4.9736738 44.954382,4.9734807 44.954549,4.9718499 44.9592258,4.9678588 44.9597572,4.964447 44.9587551,4.9631596 44.9579655,4.9598765 44.9571152,4.9589539 44.9565686,4.9568295 44.955369,4.9517226 44.9540935,4.9488044 44.9533342,4.9465728 44.952499,4.9450278 44.9522561,4.9419379 44.9518916,4.9414659 44.9516335,4.9339771 44.9471839,4.931488 44.9450881,4.9299002 44.9448603,4.9274755 44.9440249,4.9223471 44.9457563,4.915427 44.9399393))'),	0,	NULL),
(10,	'Fontbarlette',	1,	GeomFromText('POLYGON((4.9500918 44.9399393,4.9494696 44.9399697,4.9471951 44.9398786,4.9418736 44.9389217,4.9405432 44.938466,4.9394059 44.9382078,4.9342775 44.9384812,4.9319172 44.9385419,4.9289989 44.937904,4.9270034 44.9379495,4.924922 44.9376913,4.9235916 44.9376002,4.9182808 44.9365521,4.9186778 44.9344863,4.9185812 44.9332787,4.9174333 44.9264957,4.9192572 44.9263134,4.9226046 44.9254778,4.9262094 44.9246574,4.9294925 44.924232,4.9326253 44.9228646,4.9356723 44.9211629,4.9379683 44.9203121,4.9380112 44.9210718,4.9398351 44.923837,4.939878 44.924232,4.9410796 44.9261766,4.9423456 44.9258424,4.9434185 44.9252043,4.9441266 44.9249005,4.9464226 44.9243383,4.9471521 44.9260399,4.9483323 44.9280301,4.9477315 44.9281972,4.9472165 44.9285466,4.9469805 44.928972,4.9467659 44.9299442,4.9468303 44.933104,4.9468517 44.9358078,4.9474311 44.9361572,4.9480319 44.936142,4.950006 44.9387546,4.9500918 44.9399393))'),	0,	NULL),
(11,	'Briffaut',	1,	GeomFromText('POLYGON((4.9379683 44.9203121,4.9356723 44.9211629,4.9326253 44.9228646,4.9294925 44.924232,4.9262094 44.9246574,4.9192572 44.9263134,4.9174333 44.9264957,4.9169827 44.9239053,4.9163389 44.9219986,4.9154377 44.920464,4.9118435 44.9164147,4.9103281 44.9156853,4.9082226 44.9154118,4.9079275 44.9141278,4.9088717 44.9121979,4.9090004 44.9093562,4.9097729 44.9074718,4.9112749 44.9040978,4.9114466 44.9031555,4.9131632 44.9015445,4.9140644 44.9012405,4.9165106 44.899143,4.9186134 44.8966198,4.9197292 44.8971974,4.92136 44.897319,4.9281836 44.9007541,4.9317026 44.9011493,4.9329042 44.9007845,4.9334621 44.9010581,4.9370241 44.8999638,4.9370241 44.9006933,4.9363375 44.9017877,4.934535 44.9081708,4.9335909 44.9135504,4.9341059 44.9144925,4.9374104 44.919993,4.9379683 44.9203121))'),	0,	NULL),
(12,	'La Prat / Lautagne',	1,	GeomFromText('POLYGON((4.9186134 44.8966198,4.9165106 44.899143,4.9140644 44.9012405,4.9131632 44.9015445,4.9114466 44.9031555,4.9112749 44.9040978,4.9090004 44.9095689,4.9088717 44.9121979,4.902842 44.9114153,4.9015117 44.9119852,4.90031 44.9121675,4.8989367 44.9127906,4.8971236 44.9133072,4.8935294 44.9134136,4.8936367 44.9130033,4.8922634 44.9123043,4.8915768 44.9110278,4.8931646 44.9098729,4.8914909 44.9089611,4.8913622 44.9057392,4.8922205 44.9055569,4.8925638 44.9044018,4.8923492 44.9026388,4.8916626 44.9014229,4.8937654 44.896711,4.8930144 44.8948717,4.8936796 44.8946742,4.8950529 44.891938,4.8954821 44.8864044,4.8974991 44.8864044,4.9105883 44.8898705,4.9159956 44.8957382,4.9186134 44.8966198))'),	0,	NULL),
(13,	'Fontlozier',	1,	GeomFromText('POLYGON((4.8954821 44.8864044,4.8950529 44.891938,4.8936796 44.8946742,4.8930144 44.8948717,4.8937654 44.896711,4.8916626 44.9014229,4.8923492 44.9026388,4.8925638 44.9044018,4.8922205 44.9055569,4.8913622 44.9057392,4.8914909 44.9089611,4.8931646 44.9098729,4.8915768 44.9110278,4.8922634 44.9123043,4.8936367 44.9130033,4.8935294 44.9134136,4.8927033 44.9144241,4.8918128 44.9147052,4.8914158 44.9150243,4.8908472 44.9157993,4.8905468 44.9168326,4.8903108 44.9182457,4.8899674 44.9176379,4.8881865 44.9139303,4.8847747 44.9140822,4.8839593 44.9098881,4.8830795 44.905648,4.883616 44.9050705,4.8828864 44.9035811,4.8818135 44.9013925,4.8806548 44.899067,4.8794746 44.8967262,4.8781013 44.8941877,4.8808479 44.8938685,4.8794961 44.8871189,4.8954821 44.8864044))'),	0,	NULL),
(14,	'Valensolles',	1,	GeomFromText('POLYGON((4.8781013 44.8941877,4.8794746 44.8967262,4.8805046 44.8986718,4.883616 44.9050705,4.8830795 44.905648,4.8844314 44.9124411,4.8838305 44.9135808,4.8835731 44.9156473,4.8836374 44.9196739,4.8800755 44.9199626,4.8799896 44.9201905,4.8730803 44.9211933,4.8720503 44.9196891,4.8715997 44.9183672,4.8710632 44.9160576,4.8706126 44.913368,4.8700976 44.9123043,4.8688531 44.9098425,4.8681879 44.9090978,4.8662782 44.9075629,4.8640037 44.9063167,4.8611712 44.9049641,4.8573303 44.9029124,4.8558927 44.9015901,4.8547339 44.8996142,4.8543692 44.8965286,4.8581457 44.8962854,4.8589611 44.8961942,4.864347 44.8950846,4.8661494 44.8949326,4.8669648 44.894735,4.867909 44.8949174,4.8688102 44.8946286,4.8733377 44.8935189,4.8762345 44.8931693,4.8768353 44.8940357,4.8781013 44.8941877))'),	0,	NULL),
(15,	'Calvaire / Victor Hugo',	1,	GeomFromText('POLYGON((4.8730803 44.9211933,4.8799896 44.9201905,4.8800755 44.9199626,4.8836374 44.9196739,4.8835731 44.9156473,4.8838305 44.9135808,4.8844314 44.9124411,4.8847747 44.9140822,4.8881865 44.9139303,4.8899674 44.9176379,4.8903108 44.9182457,4.891491 44.9221049,4.8907828 44.9222113,4.8917914 44.9258576,4.8927355 44.9281364,4.8905576 44.9287783,4.8913006 44.9303771,4.8899889 44.9304246,4.8890662 44.9304493,4.8885459 44.9304873,4.8873281 44.9283947,4.8862821 44.9279124,4.8860406 44.9278478,4.884646 44.9287669,4.8827792 44.9291201,4.8810625 44.9300278,4.8770714 44.9263438,4.874475 44.9232748,4.8730803 44.9211933))'),	0,	NULL),
(16,	'Guilherand-Granges',	1,	GeomFromText('POLYGON((4.8864108 44.9362103,4.8864913 44.9367496,4.8856544 44.940395,4.8848605 44.9418379,4.8836803 44.9428251,4.8827362 44.9434174,4.8817492 44.9440857,4.8809552 44.9448147,4.8776293 44.9445109,4.8768783 44.9444806,4.8765135 44.944192,4.8760629 44.9440553,4.8757195 44.9436908,4.8754406 44.9435237,4.8749685 44.9433567,4.874711 44.9430377,4.8745394 44.9429466,4.8740244 44.942977,4.8729086 44.9426884,4.8707414 44.9417619,4.8702264 44.9416708,4.8696041 44.9417771,4.869175 44.9420049,4.8680806 44.9423695,4.8675442 44.9425365,4.8672223 44.9427492,4.8666 44.9427188,4.8662567 44.942491,4.8660207 44.9419898,4.8659563 44.9415037,4.8659778 44.9409114,4.8657203 44.9404405,4.865334 44.9402583,4.8650122 44.9402887,4.8647332 44.9400001,4.8637891 44.9404102,4.8632097 44.9388001,4.8633599 44.9386634,4.8630595 44.9378584,4.8590684 44.939271,4.8585749 44.9394836,4.8580599 44.9394229,4.8578668 44.9399241,4.8582959 44.9415493,4.8552489 44.941686,4.8549485 44.9420961,4.8536825 44.9420201,4.8527384 44.9381926,4.8489404 44.9325875,4.8497128 44.9249916,4.8439622 44.9185951,4.8475027 44.917653,4.852159 44.9171365,4.8538113 44.916164,4.8555064 44.9159816,4.8570943 44.9159361,4.8597765 44.9154954,4.8596907 44.91624,4.8589611 44.9183216,4.8593259 44.920069,4.8661494 44.9197195,4.8647761 44.9172884,4.8712349 44.9166806,4.8715997 44.9183672,4.8720503 44.9196891,4.8730803 44.9211933,4.874475 44.9232748,4.8769641 44.926207,4.8821568 44.9310684,4.8846728 44.9338407,4.886282 44.9354053,4.8864108 44.9362103))'),	0,	NULL),
(17,	'Malissard',	1,	GeomFromText('POLYGON((4.9379683 44.9203121,4.9374104 44.919993,4.9335909 44.9135504,4.934535 44.9081708,4.9363375 44.9017877,4.9370241 44.9006933,4.9370241 44.8999638,4.9407578 44.8984438,4.9413586 44.898535,4.9432039 44.897015,4.9464655 44.8935797,4.9474525 44.8930933,4.9525166 44.8911171,4.9568081 44.8882591,4.9596405 44.8854314,4.9613571 44.8835766,4.9617004 44.8813568,4.9620008 44.8805966,4.9627304 44.8802621,4.9643612 44.8800492,4.9672365 44.8804141,4.9698973 44.8815696,4.9727726 44.8816913,4.9732876 44.8826339,4.97612 44.8830292,4.9762058 44.8846104,4.9788237 44.8869213,4.9783516 44.8871645,4.9779224 44.8870429,4.9767637 44.8876206,4.9780512 44.8894145,4.9789524 44.8908739,4.9795961 44.8922724,4.9795532 44.8934277,4.9815702 44.8942485,4.9829865 44.895191,4.9824286 44.8956166,4.9813128 44.8960422,4.9830723 44.8985046,4.9811411 44.8988998,4.9783516 44.898839,4.9796391 44.900359,4.9799824 44.9008453,4.9799824 44.9014229,4.9809265 44.902274,4.9798965 44.9027908,4.980669 44.9037027,4.979167 44.9035507,4.9797249 44.9050401,4.9807119 44.9066511,4.9819136 44.9085356,4.980154 44.9088395,4.9759054 44.9086267,4.9727297 44.9094778,4.9635458 44.912669,4.9585247 44.9142494,4.9535465 44.9159512,4.9499416 44.9166198,4.9471092 44.91741,4.9434614 44.9187471,4.9379683 44.9203121))'),	0,	NULL),
(18,	'Chabeuil',	1,	GeomFromText('POLYGON((4.9379683 44.9203121,4.9434614 44.9187471,4.9471092 44.91741,4.9499416 44.9166198,4.9535465 44.9159512,4.9585247 44.9142494,4.9635458 44.912669,4.9727297 44.9094778,4.9759054 44.9086267,4.980154 44.9088395,4.9819136 44.9085356,4.9797249 44.9050401,4.979167 44.9035507,4.980669 44.9037027,4.9798965 44.9027908,4.9809265 44.902274,4.9799824 44.9014229,4.9799824 44.9008453,4.9783516 44.898839,4.9811411 44.8988998,4.9830723 44.8985046,4.9813128 44.8960422,4.9824286 44.8956166,4.9829865 44.895191,4.9815702 44.8942485,4.9795532 44.8934277,4.9795961 44.8922724,4.9780512 44.8894145,4.9767637 44.8876206,4.9779224 44.8870429,4.9783516 44.8871645,4.9788237 44.8869213,4.9772787 44.8855834,4.9804974 44.8853402,4.985218 44.8841239,4.9880934 44.8841847,4.9898958 44.8836374,4.992342 44.8823907,4.9953461 44.8833941,4.9985647 44.882786,5.0065899 44.8827251,5.0106668 44.8810831,5.0124264 44.8790457,5.012598 44.8797147,5.0145292 44.8794714,5.0153875 44.8817521,5.0189066 44.8810223,5.0204515 44.883607,5.0231552 44.88309,5.0275326 44.8818129,5.028863 44.8809615,5.0296354 44.8796539,5.0316954 44.8780422,5.0348711 44.8767041,5.0386477 44.879289,5.0403643 44.8806878,5.0421238 44.8809311,5.0452137 44.8809919,5.0478745 44.882269,5.0513935 44.8843367,5.0543976 44.8838198,5.0566721 44.8832421,5.0585175 44.884428,5.0662851 44.8819649,5.0677442 44.8810222,5.0682163 44.8816,5.0697184 44.8849753,5.0704479 44.8838198,5.0701904 44.886526,5.0677013 44.8889584,5.0686884 44.8909955,5.0652122 44.8925764,5.0636244 44.8914211,5.0591612 44.8901746,5.0606632 44.895951,5.0588608 44.8968934,5.0574875 44.9029732,5.060277 44.9030036,5.0645256 44.9060736,5.0629807 44.9066511,5.0630236 44.9075629,5.0591183 44.9082924,5.0576591 44.9094778,5.0601053 44.9143102,5.0603199 44.9175923,5.0537109 44.9212389,5.048604 44.9190814,5.043025 44.9162855,5.0398493 44.9196891,5.0387764 44.9214516,5.0367594 44.9227583,5.022254 44.9265868,5.0019121 44.9289872,5.0015688 44.9306278,4.9996805 44.9323292,4.981699 44.9371597,4.9796391 44.9374331,4.9755836 44.9382837,4.9725366 44.9380711,4.9679017 44.9380711,4.9658203 44.9382685,4.9625158 44.9398937,4.9599838 44.9406836,4.9575377 44.9408658,4.9565077 44.9408962,4.9555421 44.9408051,4.9526453 44.9399393,4.9516153 44.939833,4.9500918 44.9399393,4.950006 44.9387546,4.9480319 44.936142,4.9474311 44.9361572,4.9468517 44.9358078,4.9466801 44.9297164,4.9472165 44.9285466,4.9477315 44.9281972,4.9483323 44.9280301,4.9471521 44.9260399,4.9464226 44.9243383,4.943676 44.9249764,4.9423456 44.9258424,4.9410796 44.9261766,4.939878 44.924232,4.9398351 44.923837,4.9380112 44.9210718,4.9379683 44.9203121))'),	0,	NULL),
(19,	'Montélier',	1,	GeomFromText('POLYGON((4.9755836 44.9382837,4.9796391 44.9374331,4.981699 44.9371597,4.9996805 44.9323292,5.0015688 44.9306278,5.0019121 44.9289872,5.022254 44.9265868,5.0367594 44.9227583,5.0387764 44.9214516,5.0398493 44.9196891,5.043025 44.9162855,5.0537109 44.9212389,5.0603199 44.9175923,5.0694609 44.923366,5.0674009 44.9260399,5.0692463 44.9284706,5.0587749 44.9374939,5.0594616 44.9384964,5.0570583 44.9396811,5.0548267 44.9412,5.0528097 44.9442072,5.0540972 44.9463942,5.0553846 44.947275,5.0557709 44.9495226,5.0546551 44.9538657,5.0453854 44.9576922,5.0457716 44.959818,5.0395489 44.9611845,5.0374889 44.9572974,5.0233269 44.9616399,5.0233269 44.9605468,5.022769 44.9600609,5.0067616 44.9646765,4.9971485 44.9673181,4.9939728 44.9649498,4.9916553 44.9625813,4.9904966 44.9597572,4.9878359 44.9571152,4.9718499 44.9592258,4.9736738 44.954382,4.9767852 44.9532735,4.9778581 44.9518157,4.9766564 44.9498871,4.9744892 44.9505553,4.9732232 44.9481407,4.9767852 44.9471687,4.9713993 44.9453463,4.9709702 44.9440401,4.976871 44.9430377,4.9783516 44.9424302,4.9755836 44.9382837))'),	0,	NULL),
(20,	'Saint Marcel',	1,	GeomFromText('POLYGON((4.9414659 44.9516335,4.9419379 44.9518916,4.9450278 44.9522561,4.9465728 44.952499,4.9488044 44.9533342,4.9568295 44.955369,4.9598765 44.9571152,4.9631596 44.9579655,4.964447 44.9587551,4.9645543 44.9590436,4.9651551 44.9596813,4.9682021 44.9620803,4.9688888 44.9629001,4.9713778 44.9643425,4.9734807 44.9649498,4.9745965 44.9656937,4.9800253 44.9687755,4.9843383 44.9705669,4.9807549 44.9767147,4.9804759 44.9781567,4.9775147 44.9812075,4.9790168 44.9827101,4.979167 44.9838181,4.9802828 44.986474,4.9781585 44.9851233,4.9768066 44.9861249,4.9705195 44.9877792,4.96876 44.989145,4.9677086 44.9907384,4.9671936 44.9909964,4.966743 44.9916793,4.9653053 44.9920435,4.9653697 44.9929236,4.9648547 44.9931057,4.9639535 44.9922408,4.9636316 44.9916793,4.9618077 44.9918614,4.9598122 44.9916945,4.9592113 44.9917096,4.9569798 44.9917855,4.956336 44.9919069,4.9536109 44.9929995,4.9512291 44.9900555,4.9473453 44.9878247,4.9469376 44.9867016,4.9474955 44.9863678,4.9472594 44.9853813,4.9466801 44.9837725,4.9459934 44.9830137,4.9452424 44.9829226,4.9377751 44.9848956,4.9369168 44.9838636,4.9325395 44.9848804,4.9321532 44.9854268,4.930737 44.9854723,4.9304152 44.9847439,4.9291921 44.9838029,4.9276257 44.9831047,4.925909 44.9819968,4.9256086 44.9812682,4.9247932 44.9803576,4.9232268 44.9789612,4.9195147 44.9777013,4.9176264 44.9767602,4.9167895 44.9751512,4.9202442 44.9734208,4.9212313 44.9732993,4.923377 44.9724948,4.9257374 44.9713714,4.9252224 44.9698534,4.9227118 44.9691399,4.9211884 44.9691854,4.9209523 44.96873,4.9192357 44.9678798,4.9184632 44.9670145,4.9209309 44.9667716,4.9227548 44.9669538,4.9239349 44.9668171,4.9266815 44.9666349,4.9259734 44.9652686,4.9251366 44.9640692,4.9251151 44.9635833,4.9253726 44.9613059,4.9232912 44.9597117,4.9206734 44.9584514,4.9189782 44.9576922,4.9222183 44.957176,4.9240851 44.9564319,4.9250078 44.9555664,4.925909 44.9547313,4.9263382 44.9548527,4.9279475 44.9552931,4.9308872 44.9554449,4.9323893 44.9559157,4.9344921 44.9561282,4.935329 44.9569938,4.9378824 44.9570849,4.9413157 44.9574189,4.9407792 44.9549438,4.9414015 44.9546857,4.9414444 44.9540935,4.9410152 44.9538809,4.9414659 44.9516335))'),	0,	NULL),
(21,	'Alixan',	1,	GeomFromText('POLYGON((4.964447 44.9587551,4.9678588 44.9597572,4.9878359 44.9571152,4.9904966 44.9597572,4.9916553 44.9625813,4.9939728 44.9649498,4.9971485 44.9673181,5.022769 44.9600609,5.0233269 44.9605468,5.0233269 44.9616399,5.0374889 44.9572974,5.0395489 44.9611845,5.0457716 44.959818,5.0511789 44.9720849,5.0571012 44.9784299,5.0646114 44.9786121,5.0650835 44.9798263,5.0687742 44.9801906,5.0695038 44.9834993,5.0679159 44.985533,5.0670147 44.9884772,5.06989 44.9915427,5.0680017 44.9932726,5.0664997 44.9942742,5.0664997 44.9961861,5.0656414 44.9974607,5.018456 45.0033629,5.0160527 45.0116917,5.0129199 45.01044780000001,5.0048089 45.0070647,5.0001955 45.0043187,4.9938226 45.0012691,4.9916983 45.00204289999999,4.9819565 44.9975366,4.9705195 44.9877792,4.9768066 44.9861249,4.9781585 44.9851233,4.9802828 44.986474,4.979167 44.9838181,4.9790168 44.9827101,4.9775147 44.9812075,4.9804759 44.9781567,4.9807549 44.9767147,4.9843383 44.9705669,4.9800253 44.9687755,4.9734807 44.9649498,4.9713778 44.9643425,4.9688888 44.9629001,4.9682021 44.9620803,4.9645543 44.9590436,4.964447 44.9587551))'),	0,	NULL),
(22,	'Beaumont',	1,	GeomFromText('POLYGON((4.9159956 44.8957382,4.9182701 44.8930629,4.9192572 44.8893233,4.9192572 44.88458,4.9200726 44.8798971,4.9210167 44.8764608,4.9230766 44.874332,4.9224758 44.8720814,4.9246216 44.8714123,4.9281836 44.8631088,4.9274111 44.8604928,4.9289131 44.8602494,4.9298143 44.8601886,4.9317026 44.857329,4.9369383 44.8554429,4.9459934 44.8559297,4.9439764 44.8503013,4.9598551 44.8489322,4.9663782 44.8518834,4.9743176 44.854439,4.9762487 44.8629567,4.978137 44.8691617,4.9732018 44.8705303,4.9738455 44.8765824,4.9727726 44.8816913,4.9698973 44.8815696,4.9672365 44.8804141,4.9643612 44.8800492,4.9627304 44.8802621,4.9620008 44.8805966,4.9617004 44.8813568,4.9613571 44.8835766,4.9570656 44.8880159,4.9525166 44.8911171,4.9474525 44.8930933,4.9464655 44.8935797,4.9432039 44.897015,4.9413586 44.898535,4.9407578 44.8984438,4.9370241 44.8999638,4.9334621 44.9010581,4.9329042 44.9007845,4.9317026 44.9011493,4.9281836 44.9007541,4.92136 44.897319,4.9197292 44.8971974,4.9186134 44.8966198,4.9159956 44.8957382))'),	0,	NULL),
(23,	'Montéléger',	1,	GeomFromText('POLYGON((4.9159956 44.8957382,4.9105883 44.8898705,4.9129915 44.8765824,4.918313 44.8676409,4.9209309 44.8618616,4.9170256 44.8572074,4.917841 44.8541347,4.9100304 44.8453418,4.9149656 44.8404428,4.9209738 44.8369432,4.9295568 44.8356651,4.9316168 44.8323783,4.9359083 44.831587,4.9388266 44.8374606,4.9437189 44.8411427,4.9523878 44.8404428,4.9598551 44.8489322,4.9439764 44.8503013,4.9459934 44.8559297,4.9369383 44.8554429,4.9317026 44.857329,4.9298143 44.8601886,4.9274111 44.8604928,4.9282265 44.8635955,4.9246216 44.8714123,4.9224758 44.8720814,4.9230766 44.874332,4.9210167 44.8764608,4.9192572 44.88458,4.9192572 44.8893233,4.9182701 44.8930629,4.9159956 44.8957382))'),	0,	NULL),
(24,	'Portes les Valence',	1,	GeomFromText('POLYGON((4.8556137 44.86831,4.8696899 44.8627438,4.8716211 44.8576637,4.8758268 44.8577549,4.879303 44.8564772,4.8819637 44.8565685,4.8860836 44.8565989,4.8885727 44.8567815,4.8881865 44.8526136,4.8890877 44.853435,4.8913622 44.8538305,4.892478 44.8553212,4.8964691 44.8582113,4.8986578 44.8614966,4.9012327 44.8614053,4.9035072 44.8626829,4.9074554 44.8653597,4.9087858 44.8666372,4.9119616 44.8667588,4.9154806 44.8669413,4.918313 44.8676409,4.9129915 44.8765824,4.9105883 44.8898705,4.8974991 44.8864044,4.8954821 44.8864044,4.8794961 44.8871189,4.8808479 44.8938685,4.8781013 44.8941877,4.8768353 44.8940357,4.8762345 44.8931693,4.8733377 44.8935189,4.867909 44.8949174,4.8669648 44.894735,4.8658705 44.8950086,4.864347 44.8950846,4.8586178 44.896255,4.8543692 44.8965286,4.8542833 44.8934885,4.8548841 44.8903874,4.8562574 44.8875294,4.8582745 44.8848536,4.8603344 44.8818737,4.8611069 44.8797147,4.8611069 44.8768866,4.8608065 44.8749402,4.8601627 44.8727809,4.8587465 44.8708345,4.8556137 44.86831))'),	0,	NULL),
(25,	'Beauvallon',	1,	GeomFromText('POLYGON((4.8881865 44.8526136,4.8913622 44.8501796,4.8974562 44.8482324,4.9049234 44.8479281,4.9114466 44.8490539,4.9139357 44.8496928,4.917841 44.8541347,4.9170256 44.8572074,4.9209309 44.8618616,4.918313 44.8676409,4.9154806 44.8669413,4.9087858 44.8666372,4.9074554 44.8653597,4.9012327 44.8614053,4.8986578 44.8614966,4.8964691 44.8582113,4.892478 44.8553212,4.8913622 44.8538305,4.8890877 44.853435,4.8881865 44.8526136))'),	0,	NULL),
(26,	'Bourg',	1,	GeomFromText('POLYGON((4.8809552 44.9448147,4.8817492 44.9440857,4.8836803 44.9428251,4.8848605 44.9418379,4.8856544 44.940395,4.8858476 44.9395748,4.8864913 44.9367496,4.8864108 44.9362103,4.8896241 44.9359939,4.8933685 44.9371901,4.8948598 44.9378508,4.8957181 44.9370838,4.8959809 44.9372166,4.8964477 44.9377825,4.8979712 44.9390128,4.9006319 44.9395748,4.90134 44.9395748,4.9030995 44.9413822,4.9035501 44.941724,4.9047089 44.9428099,4.9066186 44.9445717,4.9087214 44.9464701,4.909687 44.9473206,4.9105883 44.9478825,4.911468 44.9483685,4.912498 44.9487177,4.9141932 44.9490974,4.9157381 44.9490215,4.9162316 44.9490822,4.9174333 44.9494011,4.9182701 44.9497049,4.9188066 44.9500845,4.9194503 44.9502516,4.9200726 44.9502819,4.9219608 44.9512994,4.9241495 44.9527268,4.9246216 44.9531216,4.9250722 44.9540024,4.925673 44.9545642,4.925909 44.9547313,4.9240851 44.9564319,4.9222183 44.957176,4.9189782 44.9576922,4.9232912 44.9597117,4.9253726 44.9613059,4.9251366 44.9640692,4.9266815 44.9666349,4.9227548 44.9669538,4.9209309 44.9667716,4.9184632 44.9670145,4.9192357 44.9678798,4.9209523 44.96873,4.9211884 44.9691854,4.9227118 44.9691399,4.9252224 44.9698534,4.9257374 44.9713714,4.923377 44.9724948,4.9212313 44.9732993,4.9202442 44.9734208,4.9167895 44.9751512,4.9176264 44.9767602,4.9196649 44.9777772,4.9232268 44.9789612,4.9247932 44.9803576,4.9256086 44.9812682,4.925909 44.9819968,4.9265742 44.9824369,4.9242783 44.9845921,4.9200726 44.9871569,4.9174118 44.9887504,4.911232 44.991831,4.8998594 44.9831199,4.8899889 44.9767451,4.8821568 44.9799174,4.8617721 44.9846376,4.8583174 44.9829529,4.8565578 44.9816629,4.8561072 44.9797201,4.8530388 44.9795228,4.8535109 44.9771701,4.854219 44.9754852,4.8550987 44.9737395,4.8556352 44.9728743,4.8567724 44.97125,4.8577166 44.9696864,4.8590899 44.9676825,4.8598194 44.9664376,4.8603344 44.9657848,4.8618579 44.9641451,4.8627806 44.9633101,4.8636603 44.9627179,4.8654842 44.9614881,4.8668146 44.9608201,4.8723507 44.9580566,4.8734665 44.9574037,4.8750758 44.9560371,4.8759127 44.9551412,4.876256 44.9544883,4.8768783 44.9521042,4.8799467 44.9457715,4.8809552 44.9448147))'),	0,	NULL),
(27,	'Saint-Péray',	1,	GeomFromText('POLYGON((4.8809552 44.9448147,4.8799467 44.9457715,4.8768783 44.9521042,4.876256 44.9544883,4.8759127 44.9551412,4.8745823 44.9564775,4.8734665 44.9574037,4.8673725 44.954382,4.8628664 44.9561738,4.8606348 44.9575708,4.8584032 44.958087,4.8551846 44.9589069,4.8552275 44.9575708,4.8563433 44.9555664,4.8562574 44.9545642,4.8557854 44.9534709,4.8558712 44.9525294,4.845829 44.9545946,4.8110247 44.9623384,4.7932148 44.958998,4.7923994 44.9581174,4.7925282 44.9559308,4.7917986 44.9544427,4.7903395 44.9534102,4.7898245 44.9513449,4.7882795 44.9500086,4.7884083 44.9488544,4.787035 44.9478521,4.7849321 44.9469105,4.7822714 44.9470624,4.7807264 44.9447843,4.7823143 44.9407443,4.7836876 44.9392862,4.7830009 44.9374939,4.7833443 44.9358534,4.7830868 44.9333926,4.7844172 44.9322381,4.7874212 44.930324,4.7900391 44.9308101,4.7913694 44.9283795,4.7923565 44.9266172,4.7946739 44.9261007,4.7970772 44.9246118,4.8000813 44.9224544,4.7970343 44.9221201,4.7895241 44.9200234,4.7797823 44.9185951,4.7772074 44.9154346,4.7877216 44.9152219,4.8012829 44.9181697,4.8114109 44.9224848,4.8249722 44.9239129,4.8439622 44.9185951,4.8497128 44.9249916,4.8489404 44.9325875,4.8527384 44.9381926,4.8536825 44.9420201,4.8549485 44.9420961,4.8552489 44.941686,4.8582959 44.9415493,4.8578668 44.9399241,4.8580599 44.9394229,4.8585749 44.9394836,4.8630595 44.9378584,4.8633599 44.9386634,4.8637891 44.9404102,4.8647332 44.9400001,4.8657203 44.9404405,4.8660207 44.9419898,4.8666 44.9427188,4.8672223 44.9427492,4.8696041 44.9417771,4.8702264 44.9416708,4.8729086 44.9426884,4.8745394 44.9429466,4.8768783 44.9444806,4.8809552 44.9448147))'),	0,	NULL),
(28,	'Cornas',	1,	GeomFromText('POLYGON((4.8734665 44.9574037,4.8668146 44.9608201,4.8618579 44.9641451,4.8590899 44.9676825,4.8537254 44.9767602,4.8530388 44.9795228,4.8334694 44.9859276,4.8180199 44.98441,4.8114967 44.9794317,4.8079777 44.9703847,4.8110247 44.9623384,4.8558712 44.9525294,4.8557854 44.9534709,4.8563433 44.9555664,4.8552275 44.9575708,4.8551846 44.9589069,4.8606348 44.9575708,4.8628664 44.9561738,4.8673725 44.954382,4.8734665 44.9574037))'),	0,	NULL),
(29,	'Soyons',	1,	GeomFromText('POLYGON((4.8556137 44.86831,4.8587465 44.8708345,4.8601627 44.8727809,4.8608065 44.8749402,4.8611069 44.8769626,4.8611069 44.8797147,4.8603344 44.8818737,4.8582101 44.8849449,4.8562574 44.8875294,4.8548841 44.8903874,4.8542833 44.8934885,4.8543692 44.8965286,4.8547339 44.8996142,4.8558927 44.9015901,4.8573303 44.9029124,4.8612356 44.9049945,4.8640037 44.9063167,4.8662782 44.9075629,4.8681879 44.9090978,4.8688531 44.9098425,4.8706126 44.913368,4.8712349 44.9166806,4.8647761 44.9172884,4.8661494 44.9197195,4.8593259 44.920069,4.8589611 44.9185647,4.8591113 44.9178278,4.8596907 44.91624,4.8597765 44.9154954,4.8570943 44.9159361,4.8555064 44.9159816,4.8538113 44.916164,4.852159 44.9171365,4.8515475 44.9168629,4.8519874 44.9165666,4.8525774 44.9155638,4.8527169 44.9147052,4.8525345 44.9139303,4.8519337 44.9128438,4.8517084 44.911818,4.8512793 44.9112558,4.8500025 44.9108075,4.8493481 44.9103516,4.8490798 44.9097817,4.8479855 44.9092118,4.8466551 44.908338,4.8451531 44.9073882,4.8455286 44.904759,4.8456681 44.9037027,4.8455179 44.9030795,4.8454428 44.9020612,4.8450565 44.9009593,4.8451209 44.9005717,4.845314 44.899447,4.8418486 44.8991962,4.8408723 44.898535,4.8405397 44.897813,4.8405612 44.8968934,4.8403251 44.8957078,4.8402607 44.8948034,4.8403466 44.8943093,4.8401427 44.8934809,4.8397779 44.8930477,4.8396063 44.8924092,4.8384905 44.8906458,4.8378146 44.88927,4.8303902 44.8888064,4.829725 44.8863284,4.8310769 44.884618,4.833287 44.884694,4.8358297 44.883569,4.8360121 44.8822234,4.8361945 44.879555,4.8389626 44.8754648,4.8408079 44.8730242,4.8423421 44.8720738,4.8467088 44.873815,4.8494339 44.8717165,4.8556137 44.86831))'),	0,	NULL),
(30,	'Quartier de la Gare',	1,	GeomFromText('POLYGON((4.8913006 44.9303771,4.8905576 44.9287783,4.8927355 44.9281364,4.8917914 44.9258576,4.8907828 44.9222113,4.891491 44.9221049,4.8924672 44.9221353,4.8928428 44.9247638,4.8940122 44.9279237,4.8941088 44.9291087,4.8946667 44.9302784,4.8913006 44.9303771))'),	0,	NULL),
(31,	'Parc Jouvet',	1,	GeomFromText('POLYGON((4.8810625 44.9300278,4.8827792 44.9291201,4.884646 44.9287669,4.8860406 44.9278478,4.8862821 44.9279124,4.8873281 44.9283947,4.8885459 44.9304873,4.8880362 44.9306012,4.8830044 44.931995,4.8810625 44.9300278))'),	0,	NULL),
(32,	'Basse-Ville',	1,	GeomFromText('POLYGON((4.8902732 44.9346154,4.893347 44.9368521,4.8933685 44.9371901,4.8896241 44.9359939,4.8864108 44.9362103,4.886282 44.9354053,4.8846728 44.9338407,4.8830044 44.931995,4.8880362 44.9306012,4.8898656 44.9334533,4.8902732 44.9346154))'),	0,	NULL),
(33,	'Zone Sud',	1,	GeomFromText('POLYGON((4.829725 44.8863284,4.4992447 44.7052662,5.3393555 44.7111222,5.0662851 44.8819649,5.0585175 44.884428,5.0566721 44.8832421,5.0513935 44.8843367,5.0452137 44.8809919,5.0403643 44.8806878,5.0348711 44.8767041,5.030365 44.8786199,5.0275326 44.8818129,5.0204515 44.883607,5.0189066 44.8810223,5.0153875 44.8817521,5.0145292 44.8794714,5.0124264 44.8790457,5.0106668 44.8810831,5.0065899 44.8827251,4.9985647 44.882786,4.9953461 44.8833941,4.992342 44.8823907,4.9880934 44.8841847,4.985218 44.8841239,4.9772787 44.8855834,4.9762058 44.8846104,4.97612 44.8830292,4.9732876 44.8826339,4.9727726 44.8816913,4.9738455 44.8765824,4.9732018 44.8705303,4.978137 44.8691617,4.9743176 44.854439,4.9663782 44.8518834,4.9598551 44.8489322,4.9523878 44.8404428,4.9437189 44.8411427,4.9388266 44.8374606,4.9359083 44.831587,4.9316168 44.8323783,4.9295568 44.8356651,4.9209738 44.8369432,4.9149656 44.8404428,4.9100304 44.8453418,4.9139357 44.8496928,4.9049234 44.8479281,4.8974562 44.8482324,4.8913622 44.8501796,4.8881865 44.8526136,4.8885727 44.8567815,4.879303 44.8564772,4.8758268 44.8577549,4.8716211 44.8576637,4.8696899 44.8627438,4.8556137 44.86831,4.8494339 44.8717165,4.8467088 44.873815,4.8423421 44.8720738,4.8408079 44.8730242,4.8361945 44.879555,4.8358297 44.883569,4.833287 44.884694,4.8310769 44.884618,4.829725 44.8863284))'),	0,	NULL),
(34,	'Zone Ouest',	1,	GeomFromText('POLYGON((4.4992447 44.7052662,4.829725 44.8863284,4.8303902 44.8888064,4.8378146 44.88927,4.8403466 44.8943093,4.8408723 44.898535,4.845314 44.899447,4.8451531 44.9073882,4.8493481 44.9103516,4.8517084 44.911818,4.8527169 44.9147052,4.852159 44.9171365,4.8475027 44.917653,4.8249722 44.9239129,4.8114109 44.9224848,4.8012829 44.9181697,4.7877216 44.9152219,4.7772074 44.9154346,4.7797823 44.9185951,4.7895241 44.9200234,4.8000813 44.9224544,4.7946739 44.9261007,4.7923565 44.9266172,4.7900391 44.9308101,4.7874212 44.930324,4.7830868 44.9333926,4.7836876 44.9392862,4.7823143 44.9407443,4.7807264 44.9447843,4.7822714 44.9470624,4.7849321 44.9469105,4.7884083 44.9488544,4.7882795 44.9500086,4.7925282 44.9559308,4.7932148 44.958998,4.8110247 44.9623384,4.8079777 44.9703847,4.8114967 44.9794317,4.8180199 44.98441,4.8334694 44.9859276,4.5016479 45.17042,4.4992447 44.7052662))'),	0,	NULL),
(35,	'Zone Nord',	1,	GeomFromText('POLYGON((4.5016479 45.17042,4.8334694 44.9859276,4.8530388 44.9795228,4.8561072 44.9797201,4.8565578 44.9816629,4.8586499 44.9833324,4.8617721 44.9846376,4.8821568 44.9799174,4.8899889 44.9767451,4.8998594 44.9831199,4.911232 44.991831,4.9174118 44.9887504,4.9242783 44.9845921,4.9265742 44.9824369,4.9304152 44.9847439,4.930737 44.9854723,4.9321532 44.9854268,4.9325395 44.9848804,4.9369168 44.9838636,4.9377751 44.9848956,4.9452424 44.9829226,4.9459934 44.9830137,4.9465403 44.9844857,4.9474955 44.9863678,4.9472056 44.9871948,4.9473453 44.9878247,4.9512291 44.9900555,4.9536109 44.9929995,4.9569798 44.9917855,4.9636316 44.9916793,4.9653697 44.9929236,4.9653053 44.9920435,4.966743 44.9916793,4.96876 44.989145,4.9705195 44.9877792,4.9819565 44.9975366,4.9916983 45.00204289999999,4.9938226 45.0012691,5.0001955 45.0043187,5.0048089 45.0070647,5.0160527 45.0116917,5.018456 45.0033629,5.0656414 44.9974607,5.3338623 45.17526059999999,4.5016479 45.17042))'),	0,	NULL),
(36,	'Zone Est',	1,	GeomFromText('POLYGON((5.3338623 45.17526059999999,5.0656414 44.9974607,5.0664997 44.9961861,5.0664997 44.9942742,5.06989 44.9915427,5.0670147 44.9884772,5.0679159 44.985533,5.0695038 44.9834993,5.0687742 44.9801906,5.0650835 44.9798263,5.0646114 44.9786121,5.0571012 44.9784299,5.0511789 44.9720849,5.0457716 44.959818,5.0453854 44.9576922,5.0546551 44.9538657,5.0557709 44.9495226,5.0553846 44.947275,5.0540972 44.9463942,5.0528097 44.9442072,5.0551917 44.9407443,5.0594616 44.9384964,5.0587749 44.9374939,5.0692463 44.9284706,5.0674009 44.9260399,5.0694609 44.923366,5.0603199 44.9175923,5.0601053 44.9143102,5.0576591 44.9094778,5.0591183 44.9082924,5.0630236 44.9075629,5.0629807 44.9066511,5.0645256 44.9060736,5.060277 44.9030036,5.0574875 44.9029732,5.0585397 44.8972725,5.0606632 44.895951,5.0591612 44.8901746,5.0636244 44.8914211,5.0652122 44.8925764,5.0686884 44.8909955,5.0677013 44.8889584,5.0701904 44.886526,5.0703834 44.8843063,5.0697184 44.8849753,5.0685167 44.8820714,5.0677442 44.8810222,5.3393555 44.7111222,5.3338623 45.17526059999999))'),	0,	NULL);

-- 2017-12-20 23:00:49